,user_id,proba,score
0,100003521321234,0.02873967968030142,1
1,100018322460971,0.016547090992011987,1
2,100229992327486,0.08435814680362455,3
3,100612816824435,0.07840024359132028,2
4,100812489236971,0.023729785926235508,1
5,101757026568609,0.02770739427992243,1
6,101881604603031,0.056571319677216673,2
7,102073825051328,0.12438365651300272,4
8,102482539122384,0.01846320127501678,1
9,102580251877353,0.052177252847758634,2
10,102660027027405,0.058014480359413916,2
11,102698007271994,0.022818880326801474,1
12,102733830431458,0.07604016504269762,2
13,103648735879203,0.0962527361948451,3
14,103659383835807,0.08449836717923517,3
15,103680615963699,0.06932083794595637,2
16,103825776953058,0.09410249351873408,3
17,104313321232361,0.08592962335473636,3
18,104358483517294,0.06842189305988988,2
19,104404888125841,0.042528624452941845,1
20,104416485675859,0.04876218818064063,2
21,104486023247549,0.028447425286087735,1
22,104666790699784,0.015971504054866328,1
23,104992646529342,0.08484896629116605,3
24,105291634314318,0.07829703681555321,2
25,105720867217190,0.06540631424454102,2
26,105829331127292,0.09266741012708696,3
27,105865441433683,0.07781642410405615,2
28,105949420506334,0.05294469646012386,2
29,106228146564219,0.06414012953184231,2
30,106436526318655,0.11980916361189549,4
31,106845670118315,0.10781631985080907,3
32,106939886545412,0.07530042244518653,2
33,106944153788753,0.060762680111028755,2
34,107034132685761,0.04601507098638566,2
35,107261248076112,0.07300580884330765,2
36,107261443243077,0.01894645946810917,1
37,107515918550195,0.10327220847481308,3
38,108587145233239,0.058822436065923446,2
39,108717570388236,0.020181428455370187,1
40,108788881390335,0.10525828500013831,3
41,109224196063419,0.0834128592176538,3
42,109350110143568,0.02906732566351921,1
43,109696033526484,0.01824667965864099,1
44,110553154967847,0.07785254584635484,2
45,110669264173016,0.08514742995053907,3
46,110686934576635,0.08457478938298651,3
47,110978020326767,0.0763506800271041,2
48,111035502139249,0.07311942839340732,2
49,111059543661594,0.034377408694983444,1
50,111064385780004,0.07018121624852879,2
51,111331450571808,0.06428495649792569,2
52,112136779446587,0.05321773736921371,2
53,113387296664181,0.06384188101258821,2
54,113450919264378,0.05445246715612523,2
55,113611913004355,0.027744521508459272,1
56,113812169712212,0.06431751931912827,2
57,114015940796485,0.09093325859636289,3
58,114047163257636,0.0164281002932479,1
59,115524139937523,0.0722263322109224,2
60,115575487176360,0.07027274681879286,2
61,115719152054243,0.078774763382483,2
62,115723169491246,0.02874219415262556,1
63,116064262513961,0.06080802881000327,2
64,116133699535725,0.08326159562931806,3
65,116318404063013,0.06590966922777172,2
66,116392913154863,0.12117800747232747,4
67,117313068854732,0.08249213910205469,3
68,117728575338206,0.08895433660377813,3
69,117818242595330,0.038160548668980346,1
70,117829655966530,0.08552095159720619,3
71,118658062947855,0.03169573741736413,1
72,118845498056044,0.060113048927387724,2
73,118974103651841,0.08732442764029649,3
74,119065501090271,0.04023906225588581,1
75,119115944565532,0.022625181468002308,1
76,119455793641135,0.07146628027405127,2
77,119949922766313,0.1109972111637828,3
78,120163897325232,0.03334586569960289,1
79,120359797724571,0.03216043558496451,1
80,120463786024187,0.0677081947176724,2
81,120473577149961,0.07690041779991841,2
82,120790163835520,0.03007395933286643,1
83,120893171318708,0.04881292085051965,2
84,121117813349041,0.07128946850496896,2
85,121408297539494,0.015436789494597397,1
86,121601875362326,0.02873411920571347,1
87,122580638083260,0.07189602644188092,2
88,122692632864800,0.0754814475838282,2
89,123622131939533,0.09636140271920701,3
90,123752155968003,0.06972491156709687,2
91,124738035470878,0.0804764563041203,2
92,124829510629036,0.01628416121738771,1
93,125258056231997,0.05652980425038632,2
94,125574393030759,0.0453327427780025,1
95,125590325012757,0.08528595287412473,3
96,125601769906632,0.07507677325465535,2
97,125668012797564,0.0221431595114945,1
98,125784739170282,0.06134548676815847,2
99,126516849738201,0.06484808605186974,2
100,126575206597882,0.09222746952931435,3
101,126582481672089,0.03633739521586368,1
102,126670212566127,0.05366493111454583,2
103,126717596890352,0.0676085975556408,2
104,126981343224753,0.01977604193090358,1
105,127712748909016,0.09367008203992253,3
106,128018190628616,0.08383624188367073,3
107,128073843521939,0.08000574533593001,2
108,128319504342129,0.07797138412007495,2
109,128344938947360,0.049422269879783404,2
110,128385956667031,0.08836613952288731,3
111,128828725122426,0.09883038758775416,3
112,129117306660132,0.0354070136417734,1
113,129468165808612,0.020275858746857098,1
114,129487386188806,0.023028203087687132,1
115,129492292878098,0.015478359767337711,1
116,129555965867853,0.03236110477624998,1
117,129800521334596,0.10353203785892962,3
118,130017499208052,0.026768292064964054,1
119,130371105938865,0.09021401399709776,3
120,131025731022914,0.07552682028422612,2
121,131581994087650,0.07683756202425367,2
122,131703301750052,0.05771867378117039,2
123,132035901030776,0.01497190738620821,1
124,132497255589396,0.06393840760718775,2
125,132770743560102,0.04073469428218935,1
126,132987646075868,0.11864399440248834,3
127,133341728037122,0.030724900760704398,1
128,133877498092079,0.03353490455354189,1
129,134154816447980,0.08128455682802217,2
130,134245321011678,0.05480070457570584,2
131,134711621642116,0.08825127940002103,3
132,135341433857274,0.07594358545024725,2
133,135344448256402,0.12315479290262595,4
134,136510753484835,0.05690263361031841,2
135,136815892868279,0.020583120347409837,1
136,136864632496909,0.03249081507293728,1
137,136892242105436,0.026000952365338673,1
138,136931182910194,0.08243538289661224,3
139,136998384872394,0.14451996818917096,4
140,137143627420675,0.04860831818046521,2
141,137381981112553,0.063739361286811,2
142,137541741420456,0.10450051730062458,3
143,137855020162154,0.013419159791128267,1
144,137913607843171,0.10655574804610869,3
145,138247753749937,0.1089412870185258,3
146,138939587388799,0.035900303188983476,1
147,139115563335077,0.05667857497517757,2
148,139476817065145,0.08950104784763488,3
149,139542096184589,0.020795600145454844,1
150,139685595896227,0.08439872116210918,3
151,140412874841881,0.11750760256254815,3
152,140530802867236,0.09250239654179013,3
153,140600062925202,0.07759322974154988,2
154,140603741672541,0.03170751496190668,1
155,140610997130037,0.04268951987418686,1
156,140886871106231,0.06252977434750435,2
157,140905955179808,0.09266876694227791,3
158,141279209453107,0.13158721102155813,4
159,141381814319870,0.02263850937592348,1
160,141951948213292,0.06690798677936675,2
161,141969178449268,0.01767346105880819,1
162,142000554218492,0.07546949307149098,2
163,142003574184365,0.019737127589963446,1
164,142030211386096,0.05387694812090426,2
165,142048759971314,0.04176420751871466,1
166,142187001200409,0.025007147620612416,1
167,142283168997994,0.039715111175824075,1
168,142308634511578,0.06910318131136554,2
169,142497875317694,0.07783235273162276,2
170,142736643864051,0.06643646428355837,2
171,142812425406165,0.11301144898718764,3
172,143136900146114,0.09482703813633729,3
173,143345698718188,0.06450345279636231,2
174,143533020551726,0.097616482536517,3
175,143537194453167,0.07217407555156108,2
176,143610655440150,0.02310248886922139,1
177,143804894755894,0.11649382285171113,3
178,143844346954340,0.02691088819558018,1
179,143903464521496,0.08104065098154303,2
180,144045053234304,0.05602751461006862,2
181,144113191994087,0.056292608594672854,2
182,144114931405686,0.038941796135858846,1
183,144115471760465,0.02482512218124112,1
184,144283192548316,0.03913633224344034,1
185,144601501880837,0.09939156650515678,3
186,144876198443486,0.05582554890073727,2
187,145124580319141,0.026192802464607517,1
188,145256599485300,0.11791588508870976,3
189,146141280969617,0.0900416445209825,3
190,146188448620658,0.0727770023551214,2
191,146291026605964,0.048965255448650664,2
192,146653315562186,0.028702613871001904,1
193,147150618570089,0.11297669366787469,3
194,147207662402631,0.034198046003430814,1
195,147374107352560,0.07397625943203368,2
196,147931798536339,0.07157490814687345,2
197,148544701220661,0.09352031133231375,3
198,148714266352774,0.08199380917149184,2
199,148739366973872,0.06776133051176302,2
200,148809803306328,0.03571561272506688,1
201,149345376985247,0.033961853096772895,1
202,149420218798399,0.01956996306695787,1
203,149433504590233,0.11484917769507666,3
204,149501799008644,0.021495851431267383,1
205,149510823437257,0.06017567965902969,2
206,149579675976397,0.06522946452360319,2
207,150267626487843,0.034205475494287256,1
208,150626408862625,0.0675216088227341,2
209,150788833921338,0.0721464232179334,2
210,150850279495071,0.11700611995178116,3
211,150989242772974,0.13221119010615834,4
212,151685405179300,0.08500083243173887,3
213,151690700307581,0.06102640704117248,2
214,151705317623805,0.07984140061301497,2
215,151971722655515,0.0638221622404991,2
216,152115100636633,0.1038831285562534,3
217,152156078504135,0.022760705864136373,1
218,152925828312253,0.08486601233128878,3
219,153112977239802,0.0304892702363307,1
220,153381023494594,0.0799555975589357,2
221,153489946628517,0.09605275786876913,3
222,153502421828951,0.024521939459183958,1
223,153550299489794,0.03655940245878145,1
224,153688450657495,0.0946164444570304,3
225,153732307156812,0.047033789792325205,2
226,153747950873468,0.0697028334853895,2
227,153849333681347,0.05586893454114949,2
228,154081363888313,0.06749240254885445,2
229,154081712142769,0.019950748322987155,1
230,155106164926827,0.09209465994367189,3
231,155235547317450,0.07178587664786985,2
232,155306591636424,0.14604583751147301,4
233,155548635275868,0.0907222718646531,3
234,155562248967976,0.08269004420379471,3
235,156298359790818,0.07180883011492373,2
236,156333860413175,0.041913394554640104,1
237,156388342615184,0.06526814001524898,2
238,156709924266656,0.11513479286282624,3
239,156903318593812,0.0556226124206662,2
240,157151344507088,0.03141705090623651,1
241,157245291450630,0.02577773308454513,1
242,157369724373280,0.09308796206341981,3
243,157643908079620,0.08464492223013108,3
244,158038309259810,0.07581957638042881,2
245,158237028838182,0.11993294760602595,4
246,158291852890318,0.0400748908326567,1
247,158391990447646,0.023420753386704365,1
248,158699677410634,0.07768778167359881,2
249,159208405879489,0.06717699202931024,2
250,159383456997398,0.11180304334904353,3
251,159446492318442,0.04358420475610396,1
252,159480011206910,0.1205827917363049,4
253,159813035656803,0.05626270021402993,2
254,159879557264501,0.08769879755467765,3
255,160230354550855,0.03594746724893309,1
256,160482631766017,0.03522251644349594,1
257,160880089305439,0.06247816345028338,2
258,160972823868529,0.07339618421873538,2
259,161366912794339,0.039559868554883304,1
260,161820098573766,0.089991904924538,3
261,161860305075375,0.06972892548280428,2
262,162127088178102,0.034355248999858694,1
263,162133734568952,0.11440157316470044,3
264,162352115168139,0.03110291776271221,1
265,162408220081289,0.132725798656387,4
266,162466954119327,0.09174799604488715,3
267,162621179454843,0.1067121242465038,3
268,162860131814148,0.04639690864452648,2
269,164177259057070,0.08423484561930747,3
270,164283124455831,0.10507029202952292,3
271,164286249285173,0.0805528010761121,2
272,164532759462140,0.04592139433541823,2
273,164880774096332,0.06323096628582014,2
274,165003047981059,0.02613795592762884,1
275,165126976256783,0.10148376114998728,3
276,165205951146566,0.04534990206238232,1
277,165266200783397,0.09345909897025362,3
278,165550284082411,0.039329540068181484,1
279,165986603926392,0.04643530066558425,2
280,166264944742132,0.09902578486925089,3
281,166638919608127,0.05836622198525256,2
282,166930458733270,0.06644052276262252,2
283,167142208362552,0.012049390499953197,1
284,167167265032638,0.06308844744469472,2
285,167215438643867,0.05014689916547967,2
286,167835213942786,0.05234196831052256,2
287,168007389846769,0.12898317475441118,4
288,168084180558009,0.11834113817634051,3
289,168400381591039,0.0302546849428968,1
290,168592686281794,0.03167662155934134,1
291,168980724013409,0.08919239821506836,3
292,169349346242684,0.05306343172598628,2
293,169371125629796,0.036197149636343955,1
294,169399403572448,0.07843580254024368,2
295,169523563965087,0.06573721691328951,2
296,170204563369220,0.08034831825054141,2
297,170625684934719,0.024810144961935638,1
298,170861888186883,0.03674965491719856,1
299,170895447265427,0.08389314351848975,3
300,171123460452956,0.031439153296039433,1
301,171237260511114,0.07383074595770002,2
302,171898074830348,0.11634219513454816,3
303,171985515021277,0.02571062185016796,1
304,171996707143099,0.0657313042540334,2
305,172015332280822,0.03680341951688127,1
306,172090656919749,0.04441520755305499,1
307,172097366608387,0.1318983361685224,4
308,172098552664304,0.06828882602851866,2
309,172199892080697,0.018650628046201594,1
310,172317126340706,0.0682772150755339,2
311,172372218008467,0.02892005863050733,1
312,172430426215566,0.024565379952604754,1
313,172914512739710,0.04704689611585266,2
314,173063021065894,0.057583875811346066,2
315,173899507599733,0.07802779523971173,2
316,173921037768372,0.051427646035588026,2
317,173936122893282,0.13981903634858941,4
318,174310909878251,0.0656271467719446,2
319,174579006497513,0.08640891575126605,3
320,175324657073825,0.06570206859538492,2
321,175377426807611,0.05859759754329173,2
322,175783305516725,0.026812486209905628,1
323,176069368729859,0.10960169843823199,3
324,176846582973898,0.08086616964994867,2
325,176859131071022,0.02302555313829668,1
326,176921513252224,0.06348594439130782,2
327,177112839159496,0.032572107377213305,1
328,177141561484852,0.032424168380591985,1
329,177161705939102,0.048074076048724365,2
330,177731604719349,0.04183575035846061,1
331,178095702457944,0.04389379174274364,1
332,179178638073933,0.06891251912703122,2
333,179199485916764,0.0835492292845836,3
334,179224798912841,0.050745862317409976,2
335,179354848313568,0.1075337842556154,3
336,179572582518346,0.06505295040010065,2
337,179766526869780,0.05430209032489285,2
338,180062486083382,0.04070619337334069,1
339,181751592273876,0.04482324955987292,1
340,181996706100834,0.10934415571768306,3
341,182328053456095,0.03502079928000428,1
342,182383997004672,0.04875997449789342,2
343,182822471044594,0.08826565847674446,3
344,183286069282482,0.02930562984106293,1
345,183564467055245,0.08210135184915195,2
346,183599263955369,0.13188443847600678,4
347,183751608589708,0.05245942998548707,2
348,183760679185063,0.08804613691086466,3
349,183957064976912,0.050148943298868036,2
350,184236812802907,0.06721529940582759,2
351,184454974357593,0.044512973212470115,1
352,184575092941163,0.06329035677716781,2
353,184625553562204,0.08187514693106089,2
354,184807684192886,0.05906252660175003,2
355,184823506204626,0.08196150964086636,2
356,184826703433516,0.08918905965023409,3
357,185123163949447,0.07175665105167166,2
358,185568837502989,0.05912448515860096,2
359,185702278754031,0.04199303796057699,1
360,185946052496249,0.16676926653873328,5
361,186420983858785,0.019619226515152847,1
362,186448193467489,0.08486301379024881,3
363,187243481235121,0.0856401717241979,3
364,187257106865658,0.027477403506974443,1
365,187520119027385,0.07406785426022551,2
366,187533466240715,0.05456313517975274,2
367,187640387339739,0.04314352916360263,1
368,187923276267332,0.09270118799628647,3
369,188007361417714,0.10601863027478495,3
370,188225213256045,0.04788631666483119,2
371,188285157060651,0.08716688622895537,3
372,188307407141325,0.10745097254202776,3
373,188563117571919,0.07729832092057252,2
374,188582181048487,0.04387124986242894,1
375,188786700280789,0.123984635095632,4
376,188868863172943,0.08693876332161168,3
377,189250307439730,0.07709842538919302,2
378,189267465707796,0.05652664667134179,2
379,189517528845967,0.06871559500930265,2
380,189606606309924,0.011685218338012174,1
381,189667710044763,0.02246451545534535,1
382,189754386708573,0.04594360466003995,2
383,190013238202767,0.03966488568923705,1
384,190055143614169,0.08560325709983796,3
385,190091705044758,0.08683757071838043,3
386,190462291179827,0.08791421600844575,3
387,190656332527035,0.08442629844288274,3
388,190669014774670,0.07130418086795251,2
389,191106590504205,0.06540601071464101,2
390,191699636835893,0.06389812436976876,2
391,192434111620597,0.04295911185203193,1
392,193076074772945,0.1027930450513366,3
393,193950665002568,0.013053102410140023,1
394,194361354254695,0.1460428495981691,4
395,194558854322220,0.039607978172727244,1
396,194645551711394,0.07316997191671362,2
397,195172123177702,0.0734994448715239,2
398,195234525008312,0.045375040200719245,1
399,195980580298736,0.018679128216482013,1
400,196207353459468,0.015355914000235994,1
401,197019679405493,0.06398409248697497,2
402,197120248887306,0.0920697733842931,3
403,198028597080292,0.03413152310622924,1
404,198750817177764,0.08236495539690682,3
405,198877460561608,0.07605006976251057,2
406,199383694289445,0.03404800265021109,1
407,199655005115618,0.015303404016685965,1
408,199750509488202,0.06094105302842848,2
409,200284096797024,0.05111412956227072,2
410,200301785502913,0.06395353478373682,2
411,200354923177780,0.032899480301623284,1
412,200720354870556,0.0686070021545681,2
413,200731090569235,0.10473539815634358,3
414,201017870251389,0.07933978189056817,2
415,201018087550698,0.12149419780172332,4
416,201161401491895,0.06464961334086855,2
417,201177025564768,0.07858465734197564,2
418,201200094388526,0.040309355487406384,1
419,201419228745454,0.10797045165381104,3
420,201735455735746,0.03090253190240118,1
421,202270551729193,0.1205102262143821,4
422,202551505296362,0.0824826102226883,3
423,202710460246891,0.028540123795670367,1
424,202739430004823,0.10914045140953078,3
425,202838591459497,0.07266764889515784,2
426,202945268475137,0.06543057186780626,2
427,203601979429806,0.02852633074447369,1
428,203703474233044,0.06477618519763988,2
429,204007887365374,0.07979602837687023,2
430,204049550935541,0.0911652309630064,3
431,204160468334799,0.11025892283173284,3
432,204353834053692,0.046706693418755336,2
433,204464576722798,0.08167370996071954,2
434,204683224885014,0.0860515800710151,3
435,204759915042284,0.11522547689039278,3
436,204777700177256,0.11247830082669685,3
437,204786344899620,0.07509131897194848,2
438,205003970773465,0.060204373934878104,2
439,205040432338803,0.1268059262394162,4
440,205427603307783,0.0564507520885379,2
441,205566925117491,0.06190132989295381,2
442,205629019687420,0.052383925116527306,2
443,205650803465625,0.05388041389481437,2
444,206045686259851,0.023376788262373303,1
445,206135538382292,0.08668740275162196,3
446,206226525620568,0.0914620874940293,3
447,206844381494660,0.09067018811904219,3
448,207184749210668,0.09541235905182874,3
449,207308567102999,0.06245894533663889,2
450,207343884077539,0.0886116893067019,3
451,207646556633215,0.09027201027491422,3
452,207727032807187,0.008951162643431333,1
453,207887014367176,0.07352177498832028,2
454,207992967650458,0.05569533740597923,2
455,209311476200613,0.13214945876825707,4
456,209389143157532,0.08584762566510352,3
457,209391997420276,0.043653512250511534,1
458,209732319687203,0.043829512474277514,1
459,209923091903391,0.07932942830152517,2
460,210015352231750,0.09317835218151532,3
461,210919090901434,0.07249389115095728,2
462,211037703819426,0.0753831818506791,2
463,211194677865023,0.05378571952178951,2
464,211231979923694,0.06956954130718207,2
465,212209979128662,0.06081972438045078,2
466,212387479054728,0.06069137864488409,2
467,212952560098989,0.05942153285429417,2
468,212992840732886,0.041577483401483394,1
469,213043319659719,0.03249812474767865,1
470,213075003210866,0.07584763020603502,2
471,213132085764982,0.09113246703689078,3
472,213390741637699,0.0497795648104596,2
473,213644241101267,0.052555108330351145,2
474,213671615512026,0.07888849041035857,2
475,213943492255170,0.04306606844902874,1
476,213962474913426,0.08750868018715276,3
477,214218386176034,0.019910610298149226,1
478,214218891988145,0.03962848087413161,1
479,214603997260993,0.014211154776037599,1
480,214871795197152,0.07799675988681463,2
481,215331274942128,0.06328133149716454,2
482,215560780344978,0.0648068007608531,2
483,215656004950904,0.05661141833257904,2
484,216002850634854,0.09005910274631135,3
485,216378412255941,0.04106928373021858,1
486,216415664637235,0.0760024751702501,2
487,216620341723917,0.0699468478663117,2
488,216660408653091,0.11364068860550577,3
489,216746834398510,0.08832101009468009,3
490,217133250742531,0.051658837738952045,2
491,217244021294033,0.08910438944183771,3
492,217934154468419,0.1279209541968,4
493,218021388857522,0.08492447694971583,3
494,218822932802953,0.04437111681873292,1
495,218962751592683,0.09214501765793444,3
496,219098748807159,0.04770276763705872,2
497,219156535621889,0.08973224768309011,3
498,219588335637494,0.02866079307686475,1
499,219781367853175,0.07877998073295088,2
500,219933609594780,0.012793410855475983,1
501,220677123291686,0.10197802471544198,3
502,220823504969569,0.1361247525353912,4
503,220845744959722,0.0210947297943627,1
504,221064771048420,0.03174881785267151,1
505,221637419505355,0.05803078924565732,2
506,221739610551249,0.08305843117393297,3
507,221898448393126,0.16269863854664238,5
508,222053319604402,0.060929465602954015,2
509,222701491653311,0.09258583080125515,3
510,222805271543895,0.06029838670313705,2
511,223064344192653,0.09283099185078404,3
512,223124863374872,0.07321136863742118,2
513,223196495690144,0.05834631689651784,2
514,223294172328577,0.07475625716990779,2
515,223327367469845,0.08387099012086115,3
516,223339662038111,0.045952128489447096,2
517,223637187055361,0.09375887512952942,3
518,223751714383486,0.0988968554446753,3
519,223852660126620,0.021917987717465056,1
520,224236185779243,0.09037135558477523,3
521,224547832833601,0.06362020500211642,2
522,224620948076890,0.07901228533655354,2
523,224771564904064,0.025213444035773833,1
524,224857086880712,0.12689783543370783,4
525,225020828234857,0.08447727438901258,3
526,225259489182157,0.1031215128538491,3
527,225388783231465,0.023769181064176456,1
528,225550371751319,0.07694630042070902,2
529,225974031307697,0.06513444093524716,2
530,226146936529991,0.018733338832596643,1
531,226484104938524,0.02705690662487272,1
532,226621680954610,0.1372065674296283,4
533,226706744083493,0.09284656110470176,3
534,226974689577636,0.0562402804654544,2
535,227219284568324,0.1433165465448922,4
536,227312181212817,0.09250724972307074,3
537,227848209307481,0.0890187857643047,3
538,227929087540037,0.02977554322483819,1
539,228167568346626,0.10934319781867384,3
540,228183086522858,0.10735560687873118,3
541,228217551086135,0.019890931048367484,1
542,228375433603097,0.016886052575970947,1
543,228850343035336,0.018909878536084595,1
544,229208205241038,0.1068832406884456,3
545,229380295076961,0.02542442435513509,1
546,230022453279885,0.14400547637695238,4
547,230207148996251,0.03117142015008773,1
548,230719691537871,0.018289573272806208,1
549,230845964311709,0.0333223617649749,1
550,230884628858062,0.08382486961174163,3
551,231326484296656,0.07866490407703734,2
552,231425255545738,0.07190051413864156,2
553,231958890851057,0.037446517206390924,1
554,232127974995858,0.0246819890766483,1
555,232142870765473,0.07980127144118401,2
556,232341013218455,0.04665956149407084,2
557,232447828394519,0.07417097941095332,2
558,232705369833377,0.057320758408785845,2
559,233034583013800,0.04294157205979002,1
560,233753971544224,0.07778031910056199,2
561,233838272770993,0.024246465534868342,1
562,234511298115613,0.07046453317327281,2
563,234628136022693,0.04154843211604384,1
564,234760416285267,0.06616224168768342,2
565,235063015130480,0.07438349002135111,2
566,235318407488839,0.08661992958268153,3
567,235331620044791,0.01455226072174926,1
568,235856423837231,0.11323656652665276,3
569,236052433424956,0.03740507248401904,1
570,236149708290262,0.09747590089525605,3
571,237288787768039,0.06588805103773201,2
572,237672596932496,0.018480882908619545,1
573,237716528462782,0.056076875949633925,2
574,238254370166182,0.09125878166782533,3
575,239921592085481,0.045796940657389255,2
576,240047282375408,0.08487091442102758,3
577,240280435933720,0.14457398329489402,4
578,240663119665359,0.060865024852207586,2
579,240720959641952,0.07186015324245627,2
580,240812818974778,0.0583521088784678,2
581,240879164562244,0.10747420665985509,3
582,241011311304920,0.054793010484884774,2
583,241219830960825,0.022683380767667585,1
584,241471960084290,0.017571336255623998,1
585,241558513857905,0.04654588950746009,2
586,241798295475850,0.07219765143992914,2
587,242497114031373,0.020900337710237776,1
588,243404985873083,0.07676534227584475,2
589,243917293367436,0.08929310033986429,3
590,244093433643346,0.13265850352254702,4
591,244523169296013,0.1054812528668948,3
592,245065400631440,0.044641020167818325,1
593,245094354358533,0.08243925268914597,3
594,245139652661913,0.017480878857041512,1
595,245432925231425,0.04649820968065055,2
596,246006177707518,0.03267100097008144,1
597,246555395208941,0.05519400372032201,2
598,246664126434610,0.06508152967339013,2
599,247351418929335,0.027115089073911296,1
600,247464336349771,0.14817489707991988,4
601,248060211792718,0.07032697948832724,2
602,248144320452292,0.018136560864725385,1
603,248204360702921,0.10104796872826924,3
604,248695689196924,0.07442167309868457,2
605,249245328378448,0.07415668720828036,2
606,249341583441030,0.11677256000679444,3
607,249442093404259,0.0456500047887299,2
608,249610169007665,0.0701257358414927,2
609,249686479527362,0.046455090111779195,2
610,249800842177469,0.06481139575723466,2
611,250149550814638,0.026250446417003123,1
612,250150606409211,0.06793296476495769,2
613,250552294844711,0.08413243446743847,3
614,250753760191555,0.11056155007301298,3
615,251544921114564,0.09996576391466985,3
616,251618001999752,0.011592474620964289,1
617,252000924347101,0.09012858953087813,3
618,252089741043785,0.05715331929950604,2
619,252149708065356,0.08264922929759853,3
620,252246227187870,0.0957924190394502,3
621,252258903726043,0.09075008763507612,3
622,252816872106723,0.05010242807753234,2
623,252926769625972,0.10078452466212542,3
624,253016484834412,0.06644395835487174,2
625,253093505250189,0.08030148286414208,2
626,253244661130362,0.058743683635606975,2
627,253370865949955,0.11814641717628876,3
628,253387392065945,0.06839125791986257,2
629,253905177671393,0.07950409528334769,2
630,253936227272566,0.10478825752974062,3
631,254365824397582,0.08119810100994466,2
632,254525106150407,0.04715410281991121,2
633,254683720278510,0.04807604322321375,2
634,254688671270340,0.09923126027198542,3
635,254968148359207,0.04089046191477042,1
636,255639341079197,0.04041396639430989,1
637,255787802158419,0.057346464016488304,2
638,255848336046892,0.05495494660035341,2
639,255977896912184,0.03720916102438729,1
640,256584871422463,0.018317237841685846,1
641,256968232673449,0.03658842248950122,1
642,257010069861230,0.08521248815083575,3
643,257285841363918,0.09798212820588084,3
644,257515528550440,0.09204205541554465,3
645,257584167912547,0.09327610050617222,3
646,257588995700753,0.10556024194264214,3
647,258005065463296,0.023613530177126977,1
648,258064714285655,0.02952079351113873,1
649,258266721917589,0.04869049732345522,2
650,259690716780866,0.04605411994766017,2
651,259697925971193,0.023985814823408138,1
652,259738770643915,0.07129423909257751,2
653,259816630632410,0.01817966520072348,1
654,260171800971113,0.08674540035412052,3
655,260196213081458,0.09494033964248047,3
656,260348161289212,0.12337267675866381,4
657,260545003875466,0.08171204933889678,2
658,260667033869434,0.04949040063021371,2
659,260801618373794,0.04114285160711545,1
660,261006693818083,0.02317326793242957,1
661,261115785576324,0.08508358428069387,3
662,261297842969224,0.07060476811629322,2
663,262103169821786,0.05740707449371526,2
664,262176510184561,0.10887526023402005,3
665,262307003157504,0.0406742172301217,1
666,262319399312797,0.11601311757249658,3
667,262418467228396,0.1403534761323209,4
668,263371965176792,0.028600812972935274,1
669,263914463138060,0.16518942242540416,5
670,264251561420087,0.06836985818845784,2
671,264556082522408,0.024852466161382956,1
672,264724756363843,0.021307702312868777,1
673,264885486817084,0.11098361053998924,3
674,265167740779814,0.08751321629670092,3
675,265300022559397,0.08680987185399898,3
676,265305206470705,0.06880574832289954,2
677,265409223280631,0.07671017299106647,2
678,265632727445882,0.08056010088417506,2
679,265764757055065,0.0728524058071836,2
680,266076970417555,0.07712092998875011,2
681,266395630436632,0.17138132411427168,5
682,266732593704235,0.11063782039241021,3
683,267152467356215,0.05394144172632572,2
684,267414013321803,0.023715914413324473,1
685,267655367138620,0.10023688023588587,3
686,267749316643473,0.08889488131525153,3
687,267931941878714,0.037573377988289525,1
688,268012999482788,0.10314213128881647,3
689,268140005355862,0.045303557525661134,1
690,268239708116055,0.09747607560329824,3
691,268524345560581,0.06734078342859441,2
692,269009006559809,0.01868200200273023,1
693,269512798525740,0.09317114043631326,3
694,269789074621596,0.047017978023462234,2
695,269898280820986,0.08138004344245636,2
696,270519357622665,0.07714311878430442,2
697,270645557678612,0.07955102948462689,2
698,271224092602518,0.07656194226767628,2
699,271600703686886,0.09531571485674718,3
700,271605234081870,0.06241687472319356,2
701,271767321637159,0.010185105782773242,1
702,271795034074680,0.1402863252250161,4
703,272114204984646,0.13027969719497018,4
704,272193975380353,0.03379532609929949,1
705,272195985387216,0.07732098134604438,2
706,272291838355381,0.08201269965987676,2
707,272434093729254,0.07491961068917803,2
708,272453227695922,0.0348751754421269,1
709,272669303171514,0.08297717681955462,3
710,272756354030423,0.06415831039740132,2
711,272789763628205,0.04450944280181653,1
712,272991573613265,0.11279566848729236,3
713,273083241932015,0.060902907701701335,2
714,273096744559140,0.06134412236776157,2
715,273250772298272,0.0890502142610428,3
716,273345309572276,0.06250695765649517,2
717,273387961796638,0.05344864755112119,2
718,274157285771402,0.018581014656490372,1
719,274332301140777,0.0355108983680668,1
720,274428069089703,0.07515944954868578,2
721,274616103975358,0.1400080504829869,4
722,274728419789387,0.018311180793390208,1
723,274731090267933,0.07971792406270643,2
724,275242120612646,0.0677292087416195,2
725,275299798773761,0.026158166187073076,1
726,275598909400047,0.07539856390513176,2
727,276151863099926,0.026823705519507204,1
728,276176159659114,0.08749598012305924,3
729,276776359638535,0.08961402738692366,3
730,276982203103471,0.015695780692059232,1
731,277046391933333,0.08834186447169472,3
732,277332420217023,0.08913371678219542,3
733,277345929789111,0.059740044351571035,2
734,277846996380182,0.0706706889380394,2
735,277950709649329,0.02093583225403034,1
736,277951995389777,0.09061084266265612,3
737,278314198639882,0.038171759810006034,1
738,278427216673843,0.05679075632398683,2
739,278843250735961,0.033220424947298426,1
740,278867396494888,0.09585261959909354,3
741,279022637838698,0.045921495465556246,2
742,279486551921666,0.043094037856066685,1
743,279784993132908,0.11960803192464407,4
744,279825019020414,0.06426228335056246,2
745,280498365939858,0.10167000012871964,3
746,280688247781946,0.06616910179646297,2
747,281207201455571,0.0731671784814503,2
748,281654193561766,0.10306740150267156,3
749,281720511162195,0.13779938995775445,4
750,282119641282157,0.06122586695893938,2
751,282181732054726,0.09375108724273568,3
752,282257137567657,0.0613296761628078,2
753,282294214004771,0.049251747691182325,2
754,282343519164444,0.050619083321167546,2
755,282480120463369,0.09943113914110362,3
756,282784458267205,0.04988721816786786,2
757,282845644897242,0.0683199043419351,2
758,283081539512849,0.11650921137417214,3
759,283532410022447,0.06065642934515404,2
760,283837641317580,0.10573224962850056,3
761,284300264913196,0.01268629068696714,1
762,284347185175352,0.09375281366336867,3
763,284820894415338,0.03590746825208362,1
764,285339009267135,0.06871344994219201,2
765,285475738260009,0.06650655557229927,2
766,285671976830873,0.07766751584610374,2
767,285690348028674,0.06728653236969652,2
768,286278798195601,0.08550340313592263,3
769,286600318956092,0.12124178261625221,4
770,286685935771007,0.03947253667702588,1
771,286705299742267,0.027299661268574773,1
772,287142343741632,0.1393079462221548,4
773,287835558232053,0.0680162815989132,2
774,287865474928795,0.10155034081473605,3
775,288243594028019,0.0691187467158421,2
776,288400654526482,0.09924793924853262,3
777,288603483348263,0.07822651369885258,2
778,288613693411871,0.023456491666068356,1
779,289155002506206,0.02340163381016216,1
780,289522627786846,0.08258372850497603,3
781,289852783524152,0.09451079579301026,3
782,290365962920834,0.0784983877106679,2
783,290638935811075,0.07547845383408137,2
784,290768005666335,0.00976243241288053,1
785,290926116044854,0.0596957407294526,2
786,290978607069492,0.09333658065455931,3
787,291122015133891,0.029398325182558856,1
788,291169017305464,0.053010526391186044,2
789,291181268707630,0.03286176112771361,1
790,291457127087111,0.19224475179525233,5
791,291537923499254,0.0507121559584558,2
792,291561927924985,0.03598448260285688,1
793,291856172529381,0.06121982086341067,2
794,292316772359606,0.057306120309198204,2
795,292400279203977,0.07193558310097363,2
796,292573616089734,0.03477995292834305,1
797,293207547038124,0.1004269346974568,3
798,293238448823704,0.07282693714776307,2
799,293753035851045,0.07170478782265621,2
800,294086058226673,0.015263244176106345,1
801,294534775415500,0.11578528803309869,3
802,295067110627942,0.03545776430852341,1
803,295160110313269,0.06879611172898067,2
804,295290069222794,0.026639070857522807,1
805,295447368282771,0.04034402736628151,1
806,296167708179257,0.06707151193804455,2
807,296221518860312,0.0680608085978761,2
808,296238491830101,0.0832536742658456,3
809,296271421957850,0.07326716549506566,2
810,296414060809732,0.09619102506671587,3
811,296731096814625,0.11106257947683225,3
812,296807557715097,0.06735038548328401,2
813,297163551145581,0.09854190111489501,3
814,297206037013246,0.0977486860511164,3
815,297206821162765,0.017849169730872725,1
816,297231287090348,0.050204774229943565,2
817,297951941723980,0.074305956598192,2
818,298090455252218,0.08581027803477495,3
819,298326962145217,0.047339966968067825,2
820,298956792348902,0.08190605057832398,2
821,298995663885558,0.06987390834355794,2
822,299105205442514,0.052770475948181815,2
823,299327950751394,0.039220217935878654,1
824,299362454670098,0.10796858187618104,3
825,299565827542425,0.09716151683203196,3
826,299789502504794,0.13619858944223984,4
827,300221093764427,0.032978242562554314,1
828,300785345462252,0.028731117541156013,1
829,300861584524846,0.11895176827128282,4
830,301088709955179,0.09085037602850016,3
831,301560867970007,0.08973808840124248,3
832,302131568802608,0.06224499287794203,2
833,302485602369144,0.08852989459178544,3
834,302591748110188,0.08834257850820398,3
835,303246346857609,0.05364398133540355,2
836,303931483974715,0.08690942142608536,3
837,303958009731236,0.08043926951402883,2
838,304246668744308,0.08849953479720238,3
839,304969449139019,0.13083017082052933,4
840,305349005989047,0.01677201277483868,1
841,305376625059308,0.027817694362298754,1
842,305414017100291,0.1207239627711353,4
843,305600527992060,0.03218410885616435,1
844,306299827871128,0.07510046923996538,2
845,306319829100802,0.05005287788322657,2
846,307036785291017,0.018627463357492016,1
847,307302012395085,0.09131590631308446,3
848,307491103994736,0.10600147415330279,3
849,307687101367189,0.07837819512172647,2
850,307960784024215,0.06897324794985654,2
851,308069498012206,0.07543394707755062,2
852,308179461087423,0.07561534819136097,2
853,308202668183546,0.10753577530241792,3
854,308499988380876,0.05504292981942643,2
855,308708931934682,0.05211890666882182,2
856,309158867483660,0.17704692775643144,5
857,309248882263485,0.018682642783987787,1
858,309689052940342,0.02652132011488898,1
859,309941760500570,0.06976975222247184,2
860,310230664129881,0.013399269588993139,1
861,310231623087496,0.020953643038207268,1
862,310289736623787,0.01787053364778185,1
863,310299273588001,0.08293236579053027,3
864,310733346061046,0.05376018930417302,2
865,310848675562067,0.08052002438786592,2
866,311051692173607,0.0756577290487334,2
867,311156778514537,0.058314599510810985,2
868,311409183565550,0.09565393944364421,3
869,311758423819719,0.12346903405771316,4
870,311871024920405,0.07903579553741585,2
871,311950200746195,0.06029159412946099,2
872,312024682173951,0.05299800374103856,2
873,312435837022812,0.04660879438421749,2
874,312709061576781,0.04753035540177465,2
875,312852784470071,0.07775735506413713,2
876,312986637961515,0.07804530929890766,2
877,313392868335258,0.11870500311171847,3
878,313446032155711,0.13950032056324568,4
879,313495786312410,0.05205946555439172,2
880,314284990175736,0.03168632712033924,1
881,314357678215882,0.08716754663878637,3
882,314522501604044,0.05202915727468018,2
883,315146240178035,0.05626441021688374,2
884,315306200266742,0.10905502073377925,3
885,315464728973648,0.08559834677798402,3
886,315491063880445,0.09391442700253128,3
887,315561099780353,0.06817412790277416,2
888,315648954639586,0.09221168911882296,3
889,315799600500609,0.0930491998730064,3
890,315844898066455,0.11346852447728122,3
891,315932286584539,0.03790072278187723,1
892,315946110724103,0.02495639923604396,1
893,316230088336669,0.04786519464551308,2
894,316620229414713,0.01546431840853884,1
895,316658154038985,0.08949186209948923,3
896,316921911884490,0.028859987439374332,1
897,317002316203603,0.05665904035537435,2
898,317036117769199,0.11388915806989167,3
899,317066256682843,0.08624566663196931,3
900,318041588528312,0.07112516393681494,2
901,318202944048340,0.10623616111187469,3
902,318223767106055,0.09903073666934255,3
903,318320131527422,0.081137314634355,2
904,318324197849676,0.08039536602163382,2
905,318379809449882,0.06140355169779775,2
906,318847629803015,0.08642002339059388,3
907,319102736547422,0.029961354532795005,1
908,319127655676320,0.11121030235971802,3
909,319626159192215,0.07709553449679614,2
910,319632439986942,0.049972117972908695,2
911,319719825280124,0.04437081450798766,1
912,319741129751614,0.056091016793934176,2
913,319984931488416,0.09620260439365905,3
914,320540334631304,0.11914452406732758,4
915,320612946334632,0.028790252055012438,1
916,322244384137648,0.012212717455552989,1
917,322282669671526,0.08991186185469276,3
918,323133616395208,0.02842044801081666,1
919,323203407758777,0.1424783107946255,4
920,323317664036223,0.02444327328818582,1
921,323623117125585,0.044791648512657545,1
922,324006975844234,0.0899913740359383,3
923,324322672896445,0.08435797693726212,3
924,324393643821118,0.07048705593827607,2
925,324502521331410,0.023218147622734747,1
926,324544316786825,0.0856774582383749,3
927,324571957610651,0.09342616829770119,3
928,324635107560279,0.04281746446192831,1
929,324640455400536,0.10329577062005582,3
930,324846350771855,0.06495359101482338,2
931,324919222980464,0.08352267963590752,3
932,325103133395074,0.10102092897167031,3
933,326163513411753,0.08654995920945172,3
934,326200971914073,0.06652251071711802,2
935,326270077349947,0.09275004984818964,3
936,326914360957290,0.07838319934246925,2
937,327006319222469,0.06466420976830939,2
938,327410702271573,0.10387021083580146,3
939,327463948872203,0.06537728984082296,2
940,327508797632921,0.014195062731374221,1
941,327518325228757,0.10742353663438328,3
942,327554568727849,0.07920762971545456,2
943,327800865059963,0.03435924730007225,1
944,327816747546037,0.030705313558902506,1
945,327842404446632,0.013663920084743783,1
946,328332621919818,0.07650602747584229,2
947,328410944699998,0.0750298880038876,2
948,328604462627669,0.03743591569527464,1
949,328757047912718,0.06573127340929212,2
950,328908313987079,0.06003365245329694,2
951,329669894198374,0.1016160191699493,3
952,330095619610903,0.1261838138590193,4
953,330520807458258,0.02967264369154573,1
954,330549355971844,0.031723138966244714,1
955,330873009995389,0.05924305388450696,2
956,331530931837780,0.02205308874569557,1
957,331676739018811,0.08844886644427619,3
958,332158970755578,0.07483448630426616,2
959,332205493510718,0.06901854923077716,2
960,332392718277262,0.04608419505975566,2
961,332424487663854,0.07252193914163754,2
962,332647464691765,0.08647360222440163,3
963,332834503072581,0.015339231515213193,1
964,334124186422762,0.015540494274125509,1
965,334347245772703,0.06368504015616405,2
966,334640574958685,0.07076786524940656,2
967,334805191101406,0.022566295863155762,1
968,334841415407957,0.027503813746400478,1
969,334902865826656,0.09577575373188332,3
970,335389135704001,0.13307932636168368,4
971,335404494032255,0.09074210601721833,3
972,335460572640161,0.05060295980239293,2
973,335494393417309,0.07791196720416485,2
974,335546784037660,0.0825197744378511,3
975,335724297333322,0.04955272976973618,2
976,335919057557792,0.08495190958657976,3
977,335977865837637,0.04720329912477679,2
978,335984602937491,0.04277967400940521,1
979,336340297524342,0.10139777248880893,3
980,336377272228599,0.12524088393181693,4
981,336425406626273,0.08689768793200499,3
982,336541214480503,0.11171208730194074,3
983,336618459141195,0.07351165656154948,2
984,336644342648052,0.02007711501419459,1
985,336775601505055,0.10156070103193852,3
986,336795012743537,0.13149272918822127,4
987,336815421418782,0.07453329118839727,2
988,336822908755369,0.021246488244911748,1
989,337031475618339,0.07276968653675843,2
990,337258275054025,0.022994008019516357,1
991,337370919021585,0.12509465628569852,4
992,337451783067754,0.030853292504926334,1
993,337459386535783,0.09430474800282289,3
994,337964708070539,0.023811417034070533,1
995,338135986562368,0.13193292115591612,4
996,338533113276564,0.04972295483192386,2
997,338736688556698,0.08643721584319909,3
998,339410775773479,0.015403581007518699,1
999,339851134571645,0.016126996817900696,1
1000,340260697009729,0.07228116251882005,2
1001,340970781539444,0.10310217443300738,3
1002,344506109540804,0.022900550591268068,1
1003,345812523729302,0.018904300271095582,1
1004,346911199489454,0.04838788688302037,2
1005,349635288566380,0.028066968842938356,1
1006,349659522252900,0.06190127405001467,2
1007,351276068716711,0.05199559864091893,2
1008,352131144166196,0.1226118403501316,4
1009,352170249515160,0.058740133156958835,2
1010,355645738586304,0.11284582879948672,3
1011,357406747436492,0.09146162140768298,3
1012,358825683476382,0.05578808536304931,2
1013,358858679663449,0.09866048179810491,3
1014,366535598061114,0.06012265564293592,2
1015,367181539389587,0.07320804168577066,2
1016,368631077805338,0.04583353807946124,2
1017,369052880628900,0.05807325582270907,2
1018,369158553712629,0.10243043357010123,3
1019,371686571222839,0.1087837271820019,3
1020,379894514281496,0.08110685781687457,2
1021,386620415435112,0.10960787812514287,3
1022,391006980185260,0.015048347980329625,1
1023,391031391016417,0.046563493702739926,2
1024,396445224192038,0.021883439403522335,1
1025,401349641848514,0.10786247957976143,3
1026,401495511503774,0.06715205375692354,2
1027,402426465098011,0.07378298779569299,2
1028,408466629548359,0.10534004211103927,3
1029,410989849657893,0.02975821035133528,1
1030,412839154179198,0.019756495743823297,1
1031,417721112632136,0.030207246036722805,1
1032,420233550046699,0.09769907161974119,3
1033,420628222740118,0.08230346829989084,3
1034,424175955868597,0.1144873771015016,3
1035,424668318689359,0.03451809993169288,1
1036,425098490180910,0.027267026882784328,1
1037,428375728757009,0.04598233038886508,2
1038,430217525611009,0.0702709370691101,2
1039,430694573805601,0.09951381288309133,3
1040,434775947626647,0.0230429748377266,1
1041,437246309388962,0.05039974001136777,2
1042,437855729128158,0.09675924802598003,3
1043,444824497461302,0.07556046499547758,2
1044,445201244414580,0.08700379371365975,3
1045,448051465913644,0.021548140307815798,1
1046,448657121146092,0.027903766411398797,1
1047,449258537020302,0.04499321389305298,1
1048,453594371799604,0.08868860092971728,3
1049,462551397346459,0.01772926778534592,1
1050,462671120132918,0.053245246435008074,2
1051,462733340873958,0.1364296913359184,4
1052,469159692583032,0.01349668663355322,1
1053,473997555052534,0.09328944559922595,3
1054,478681000923482,0.048505507092172044,2
1055,482709345259909,0.08107211906831312,2
1056,487740815826711,0.09545194086846756,3
1057,487863814796822,0.06735576593133241,2
1058,492755455206698,0.1055345582716162,3
1059,495488256667461,0.04390895213025491,1
1060,498083056229525,0.10979969378833555,3
1061,498853859964905,0.07348969298551447,2
1062,502762163970043,0.1007199790120274,3
1063,505537892328134,0.044727030738267975,1
1064,505553173855140,0.1161324514590917,3
1065,509615869824172,0.054435556657787085,2
1066,509918704609887,0.07676684558509206,2
1067,510580422640536,0.10012127705921878,3
1068,511875506948150,0.09009978622251283,3
1069,513725431710032,0.10114944585747647,3
1070,515421943448295,0.03782847586529573,1
1071,518067110729860,0.02533166914490117,1
1072,519399558528096,0.10442616155408062,3
1073,520554763179654,0.05525216125093181,2
1074,520843835441686,0.1075011894768508,3
1075,521375911798556,0.14150927147197462,4
1076,521384738360312,0.07195014299880788,2
1077,524459707493327,0.08173390554529493,2
1078,526127869540769,0.06758661198720899,2
1079,527148611019228,0.04865058006985812,2
1080,528219814395072,0.09571867327545092,3
1081,533371048946337,0.06480453761621963,2
1082,533694845301396,0.06004849629331311,2
1083,535731716845145,0.1198193931001818,4
1084,539079933107072,0.0199431620162164,1
1085,542799288088633,0.022866141808372438,1
1086,543639152412829,0.06746483032824589,2
1087,544415626350459,0.10936089445691974,3
1088,547489145031274,0.04489502932946758,1
1089,550405670154154,0.07208891259869817,2
1090,550758751307336,0.041390907558983815,1
1091,553030421956249,0.06162146367023081,2
1092,560899136920643,0.09116602532030742,3
1093,561355580227426,0.018669389864836936,1
1094,562590623878095,0.05919724381324432,2
1095,566121237645330,0.1046332761990177,3
1096,569281560809254,0.11405149946187006,3
1097,570181999254240,0.07660118999759527,2
1098,572596602843177,0.06286361426799239,2
1099,574548684536408,0.0193311635388507,1
1100,576263393676515,0.15720640509405498,5
1101,576435418228250,0.015524206821651064,1
1102,577466679293938,0.03792262805306361,1
1103,578920740722370,0.03446143032090562,1
1104,582771122749990,0.1789111883221849,5
1105,586041442925545,0.08176667419076536,2
1106,587111487049691,0.056410793193827746,2
1107,595115716900346,0.09430873965138839,3
1108,596057676665403,0.07990988470941887,2
1109,603066952442461,0.10491793028310456,3
1110,609307656766462,0.025351900972216,1
1111,611494845069723,0.049521154116177864,2
1112,612956653392524,0.08385005883563502,3
1113,613866108717521,0.11566583145803526,3
1114,615749149303014,0.06469253805986064,2
1115,615855474662403,0.10736891981531965,3
1116,616167122981933,0.022675932803942644,1
1117,616386352373493,0.1195849553298885,4
1118,627805886753253,0.05235292870753814,2
1119,628560095814324,0.025999266750675043,1
1120,631541750750793,0.06271732385298372,2
1121,632974417615714,0.07551881873400516,2
1122,637348834410387,0.11473053994401043,3
1123,648376852146279,0.026178246889526413,1
1124,650798842998777,0.026733295772997885,1
1125,652453622252775,0.0945713907968155,3
1126,652799236160719,0.01722363873386776,1
1127,654350701291387,0.03793350047937906,1
1128,654913463442041,0.0679321959085189,2
1129,655482803818898,0.10265146286849067,3
1130,658872625093887,0.057315656144399575,2
1131,664306539220605,0.07502679665327232,2
1132,666851482818005,0.05945933638436078,2
1133,668047124521233,0.11963167688129026,4
1134,668801450968651,0.014258910258608985,1
1135,669572562547743,0.080430695333216,2
1136,670575760087442,0.019394213776916653,1
1137,671162195304441,0.08993583582582923,3
1138,671750637058712,0.07375216667489423,2
1139,672985153641201,0.016688149578936235,1
1140,673329917306636,0.04949457423846402,2
1141,673339626960209,0.06832992948215251,2
1142,673569802558343,0.032448793239629556,1
1143,674320896831253,0.06610051009826168,2
1144,675783139627913,0.0616530066842329,2
1145,675956327278748,0.10306557269874833,3
1146,678652592018729,0.09186357952245881,3
1147,682452762295240,0.04006980070704367,1
1148,687543029148176,0.10923802792909343,3
1149,688409924202930,0.08788247528128995,3
1150,696086519908855,0.04746605080723323,2
1151,698524990694836,0.10265379626961327,3
1152,701727636767988,0.01753511490567551,1
1153,703889421595948,0.10122639669388239,3
1154,705431783327024,0.07448832561988378,2
1155,706681465819811,0.06075590502693439,2
1156,708731328165915,0.0658123600957895,2
1157,709050348052570,0.06647595589397227,2
1158,709457506403357,0.026165534019456576,1
1159,711277350026636,0.03389916468292022,1
1160,715427272732876,0.10826533241883803,3
1161,716237145638821,0.07339962604729587,2
1162,716658534337614,0.06386408612917173,2
1163,721942608275795,0.04037121897919552,1
1164,724091875444307,0.07864379287351245,2
1165,725791925840398,0.08541222693360312,3
1166,727585732052938,0.05438934574059983,2
1167,728261553718420,0.07960389487239175,2
1168,731777046850621,0.021982794810573796,1
1169,733106407235201,0.022727172229244797,1
1170,737004041377035,0.12280790674633613,4
1171,738380961922965,0.08525134347207015,3
1172,740209493625059,0.018260326909672397,1
1173,740837130605630,0.11026207007103034,3
1174,741462161780580,0.031045290309332497,1
1175,745320651198834,0.12314555080661091,4
1176,748310920835033,0.1160797717174575,3
1177,750717333892849,0.031559116903454074,1
1178,751484949137638,0.11605193964939671,3
1179,752126602354608,0.0794218077668921,2
1180,752349229567402,0.13231569659668593,4
1181,756101867052521,0.08344705803981982,3
1182,762283678813870,0.05978886397915039,2
1183,765132411230249,0.03272946064863494,1
1184,773646749478727,0.052216192198702126,2
1185,776978542284066,0.020591886521995624,1
1186,779865001794601,0.06118893374193106,2
1187,780471556967887,0.09078249578503197,3
1188,782595906918023,0.019816497608530576,1
1189,787842954499475,0.013268614571075171,1
1190,790973080627345,0.10788948950341251,3
1191,791918941022810,0.01878211631839425,1
1192,794488627823047,0.06570476821315142,2
1193,794956834449753,0.07993026435271514,2
1194,796249045610585,0.06431892763758103,2
1195,797506164293778,0.11712594335635634,3
1196,799324683526888,0.03285178353181497,1
1197,804846539787661,0.05890834734696122,2
1198,813328562890481,0.027174900784262275,1
1199,816686996995067,0.11323402957479474,3
1200,816961541301309,0.10082650776407161,3
1201,825903252535632,0.0698591887215887,2
1202,830908861341938,0.034760943250406254,1
1203,833555457066181,0.09059249680211415,3
1204,835009191215714,0.03719020593843544,1
1205,835580746989393,0.03274723480432312,1
1206,836828826849127,0.06663055535497744,2
1207,839592231547437,0.06262161608123012,2
1208,840262881045795,0.08134657964469635,2
1209,841350380430595,0.06896854302677483,2
1210,843054351932840,0.13067105360679662,4
1211,843470861500450,0.064247670334315,2
1212,844225552915096,0.04177775712170808,1
1213,854404313988341,0.01938318335678891,1
1214,855292035612269,0.057841470781838614,2
1215,856123661255956,0.027661772866989922,1
1216,861850198044034,0.017094912792562936,1
1217,862747003188017,0.03251796426565431,1
1218,863674684868782,0.09226730696741689,3
1219,865118649573859,0.03882617222065464,1
1220,866513702180465,0.04323755055403498,1
1221,868031552743595,0.06469336941602095,2
1222,869835736252531,0.1143470887194831,3
1223,874717540657287,0.01122187813813722,1
1224,876516718873476,0.030086963273188085,1
1225,878395409057696,0.04422582095700277,1
1226,879343960088744,0.03290750117858579,1
1227,880772759831454,0.03627516547944737,1
1228,881522458859452,0.08935190304578544,3
1229,882150812115684,0.014790836057387369,1
1230,883376140714285,0.0764389512149374,2
1231,883385982463593,0.019832911911307895,1
1232,884090567582483,0.040484904873886896,1
1233,887948944946756,0.03366605375155061,1
1234,890304759974571,0.08601840006634913,3
1235,897109973559082,0.0730273575357063,2
1236,898441104448033,0.058800703496929355,2
1237,899350007233930,0.0478942363607739,2
1238,904035623189951,0.06906793123582516,2
1239,904266227080269,0.03058577921419733,1
1240,905405593807811,0.023375722719366533,1
1241,905665975822344,0.07914509664647781,2
1242,911215980095427,0.0721884494220846,2
1243,912370274067674,0.048785487128020014,2
1244,912735712397215,0.0324005176646238,1
1245,918947511752716,0.07490158649485748,2
1246,924262822457038,0.07415115011194615,2
1247,931470204260087,0.023790427937588083,1
1248,931809166543021,0.06342313258167182,2
1249,935251192391853,0.05495013449879007,2
1250,938218924322698,0.03646219824304753,1
1251,939228609902493,0.07572531476302174,2
1252,939912087209262,0.08855314968491813,3
1253,940940989269712,0.07243221659445788,2
1254,941770251322365,0.05432982615766626,2
1255,950086727857287,0.10338958085678154,3
1256,952819625341795,0.08328693649154408,3
1257,953344159241061,0.06152624716838263,2
1258,955264922883058,0.053699586840693724,2
1259,958924919788691,0.07696547255101084,2
1260,960773018992590,0.08296404421186407,3
1261,966227249149418,0.08660555505669106,3
1262,966401726228268,0.07043373625465742,2
1263,970826347273730,0.0709383471187906,2
1264,974317856682946,0.09649922689442124,3
1265,975161454909005,0.020895182298097364,1
1266,975652074063856,0.08774400315866426,3
1267,976614164510771,0.07593818588478744,2
1268,977206104084945,0.060079427123345415,2
1269,977372070415981,0.0755216790187395,2
1270,982229498758032,0.07227129324051197,2
1271,992617290784286,0.021908759547319565,1
